{
    "type": "mysql",
    "host": "localhost",
    "port": 3306,
    "username": "root",
    "password": "0403",
    "database": "bd_citas",
    "synchronize": true,
    "logging": false,
    "entities": [
        "src/entity/**/*.ts"
    ],
    "migrations": [
        "src/migration/**/*.ts"
    ],
    "subscribers": [
        "src/subscriber/**/*.ts"
    ],
    "cli": {
        "entitiesDir": "src/entity",
        "migrationsDir": "src/migration",
        "subscribersDir": "src/subscriber"
    }
}